Year,Season_Type,PLAYER,GP,MIN,OREB,DREB,REB,OREB_PG,DREB_PG,REB_PG,OREB_P36,DREB_P36,REB_P36
2020-21,Regular Season,Rudy Gobert,71,2187,240,720,960,3.380281690140845,10.140845070422536,13.52112676056338,3.950617283950617,11.851851851851851,15.802469135802468
2020-21,Regular Season,Russell Westbrook,65,2369,109,641,750,1.676923076923077,9.861538461538462,11.538461538461538,1.6563951034191642,9.740818910932882,11.397214014352048
2020-21,Regular Season,Clint Capela,63,1898,297,606,903,4.714285714285714,9.619047619047619,14.333333333333334,5.633298208640674,11.494204425711274,17.12750263435195
2020-21,Regular Season,Nikola Vučević,70,2348,146,671,817,2.085714285714286,9.585714285714285,11.67142857142857,2.2385008517887566,10.287904599659283,12.526405451448042
2020-21,Regular Season,Domantas Sabonis,62,2231,150,592,742,2.4193548387096775,9.548387096774194,11.96774193548387,2.4204392649036306,9.55266696548633,11.97310623038996
2020-21,Regular Season,Giannis Antetokounmpo,61,2013,97,574,671,1.5901639344262295,9.40983606557377,11.0,1.7347242921013413,10.26527570789866,12.0
2020-21,Regular Season,Julius Randle,71,2667,84,640,724,1.1830985915492958,9.014084507042254,10.19718309859155,1.1338582677165354,8.638920134983127,9.772778402699663
2020-21,Regular Season,Jonas Valančiūnas,62,1755,253,523,776,4.080645161290323,8.435483870967742,12.516129032258064,5.18974358974359,10.728205128205127,15.917948717948718
2020-21,Regular Season,Andre Drummond,46,1242,166,385,551,3.608695652173913,8.369565217391305,11.978260869565217,4.811594202898551,11.159420289855072,15.971014492753625
2020-21,Regular Season,Joel Embiid,51,1585,113,426,539,2.215686274509804,8.352941176470589,10.568627450980392,2.5665615141955835,9.67570977917981,12.242271293375394
2021-22,Regular Season,Rudy Gobert,66,2120,241,727,968,3.6515151515151514,11.015151515151516,14.666666666666666,4.092452830188679,12.345283018867924,16.437735849056605
2021-22,Regular Season,Nikola Jokić,74,2476,206,813,1019,2.7837837837837838,10.986486486486486,13.77027027027027,2.995153473344103,11.820678513731824,14.81583198707593
2021-22,Regular Season,Giannis Antetokounmpo,67,2204,134,644,778,2.0,9.611940298507463,11.611940298507463,2.1887477313974593,10.519056261343014,12.707803992740473
2021-22,Regular Season,Joel Embiid,68,2296,146,650,796,2.1470588235294117,9.558823529411764,11.705882352941176,2.289198606271777,10.19163763066202,12.480836236933797
2021-22,Regular Season,Nikola Vučević,73,2418,142,662,804,1.9452054794520548,9.068493150684931,11.013698630136986,2.1141439205955335,9.8560794044665,11.970223325062033
2021-22,Regular Season,Domantas Sabonis,62,2136,201,551,752,3.2419354838709675,8.887096774193548,12.129032258064516,3.387640449438202,9.286516853932584,12.674157303370787
2021-22,Regular Season,Christian Wood,68,2094,110,576,686,1.6176470588235294,8.470588235294118,10.088235294117647,1.8911174785100286,9.902578796561604,11.793696275071634
2021-22,Regular Season,Jonas Valančiūnas,74,2240,226,617,843,3.054054054054054,8.337837837837839,11.391891891891891,3.632142857142857,9.91607142857143,13.548214285714286
2021-22,Regular Season,Luka Dončić,65,2301,56,537,593,0.8615384615384616,8.261538461538462,9.123076923076923,0.8761408083441982,8.401564537157757,9.277705345501955
2021-22,Regular Season,Wendell Carter Jr.,62,1852,139,509,648,2.2419354838709675,8.209677419354838,10.451612903225806,2.7019438444924404,9.894168466522677,12.59611231101512
2022-23,Regular Season,Giannis Antetokounmpo,63,2024,137,605,742,2.1746031746031744,9.603174603174603,11.777777777777779,2.4367588932806323,10.76086956521739,13.197628458498023
2022-23,Regular Season,Nikola Jokić,69,2323,167,650,817,2.420289855072464,9.420289855072463,11.840579710144928,2.5880327163151096,10.073181231166595,12.661213947481704
2022-23,Regular Season,Domantas Sabonis,79,2736,251,722,973,3.1772151898734178,9.139240506329115,12.316455696202532,3.302631578947368,9.5,12.802631578947368
2022-23,Regular Season,Nikola Vučević,82,2746,159,744,903,1.9390243902439024,9.073170731707316,11.012195121951219,2.08448652585579,9.753823743627095,11.838310269482884
2022-23,Regular Season,Anthony Davis,56,1905,195,507,702,3.482142857142857,9.053571428571429,12.535714285714286,3.6850393700787403,9.581102362204724,13.266141732283465
2022-23,Regular Season,Joel Embiid,66,2284,113,557,670,1.7121212121212122,8.43939393939394,10.151515151515152,1.7810858143607706,8.779334500875656,10.560420315236428
2022-23,Regular Season,Rudy Gobert,70,2148,231,583,814,3.3,8.32857142857143,11.628571428571428,3.871508379888268,9.77094972067039,13.64245810055866
2022-23,Regular Season,Julius Randle,77,2737,141,626,767,1.8311688311688312,8.12987012987013,9.96103896103896,1.854585312385824,8.233832663500182,10.088417975886006
2022-23,Regular Season,Luka Dončić,66,2391,54,515,569,0.8181818181818182,7.803030303030303,8.621212121212121,0.8130489335006275,7.754077791718946,8.567126725219573
2022-23,Regular Season,Jayson Tatum,74,2732,78,571,649,1.054054054054054,7.716216216216216,8.77027027027027,1.027818448023426,7.524158125915081,8.551976573938507
2023-24,Regular Season,Domantas Sabonis,82,2928,294,826,1120,3.5853658536585367,10.073170731707316,13.658536585365853,3.6147540983606556,10.155737704918034,13.770491803278688
2023-24,Regular Season,Nikola Jokić,79,2737,223,753,976,2.8227848101265822,9.531645569620252,12.354430379746836,2.9331384727804166,9.904274753379612,12.837413226160029
2023-24,Regular Season,Anthony Davis,76,2700,239,722,961,3.1447368421052633,9.5,12.644736842105264,3.186666666666667,9.626666666666667,12.813333333333333
2023-24,Regular Season,Rudy Gobert,76,2593,285,697,982,3.75,9.171052631578947,12.921052631578947,3.9568067875048207,9.676822213652141,13.633629001156962
2023-24,Regular Season,Giannis Antetokounmpo,73,2567,196,645,841,2.684931506849315,8.835616438356164,11.520547945205479,2.7487339306583563,9.04557849629918,11.794312426957537
2023-24,Regular Season,Joel Embiid,39,1309,95,335,430,2.4358974358974357,8.58974358974359,11.025641025641026,2.612681436210848,9.213139801375094,11.825821237585943
2023-24,Regular Season,Jalen Duren,61,1777,192,517,709,3.1475409836065573,8.475409836065573,11.62295081967213,3.8897017445132245,10.473832301631964,14.363534046145189
2023-24,Regular Season,Luka Dončić,70,2624,59,588,647,0.8428571428571429,8.4,9.242857142857142,0.8094512195121951,8.067073170731707,8.876524390243903
2023-24,Regular Season,Victor Wembanyama,71,2106,161,594,755,2.267605633802817,8.366197183098592,10.633802816901408,2.752136752136752,10.153846153846153,12.905982905982906
2023-24,Regular Season,Bam Adebayo,71,2416,159,578,737,2.23943661971831,8.140845070422536,10.380281690140846,2.369205298013245,8.612582781456954,10.9817880794702
2024-25,Regular Season,Domantas Sabonis,70,2429,267,705,972,3.8142857142857145,10.071428571428571,13.885714285714286,3.9571840263482914,10.448744339234253,14.405928365582545
2024-25,Regular Season,Nikola Jokić,70,2571,200,692,892,2.857142857142857,9.885714285714286,12.742857142857142,2.8004667444574096,9.689614935822638,12.490081680280047
2024-25,Regular Season,Karl-Anthony Towns,72,2517,212,708,920,2.9444444444444446,9.833333333333334,12.777777777777779,3.032181168057211,10.126340882002385,13.158522050059595
2024-25,Regular Season,Giannis Antetokounmpo,67,2289,147,651,798,2.1940298507462686,9.716417910447761,11.91044776119403,2.3119266055045875,10.238532110091743,12.550458715596331
2024-25,Regular Season,Victor Wembanyama,46,1527,82,424,506,1.7826086956521738,9.217391304347826,11.0,1.9332023575638508,9.996070726915521,11.929273084479371
2024-25,Regular Season,Anthony Davis,51,1705,134,456,590,2.627450980392157,8.941176470588236,11.568627450980392,2.829325513196481,9.628152492668622,12.457478005865104
2024-25,Regular Season,Ivica Zubac,80,2624,300,710,1010,3.75,8.875,12.625,4.115853658536586,9.740853658536585,13.85670731707317
2024-25,Regular Season,Jalen Johnson,36,1284,62,297,359,1.7222222222222223,8.25,9.972222222222221,1.7383177570093458,8.327102803738317,10.065420560747663
2024-25,Regular Season,Jayson Tatum,72,2624,48,575,623,0.6666666666666666,7.986111111111111,8.652777777777779,0.6585365853658536,7.888719512195122,8.547256097560975
2024-25,Regular Season,Isaiah Hartenstein,57,1590,163,448,611,2.8596491228070176,7.859649122807017,10.719298245614034,3.690566037735849,10.143396226415094,13.833962264150944
